{
  "hash": "2f0de940",
  "configHash": "38bcc089",
  "lockfileHash": "db04d58b",
  "browserHash": "d21dc67c",
  "optimized": {
    "@angular/cdk/bidi": {
      "src": "../../../../../../node_modules/@angular/cdk/fesm2022/bidi.mjs",
      "file": "@angular_cdk_bidi.js",
      "fileHash": "4b92e2a6",
      "needsInterop": false
    },
    "@angular/cdk/scrolling": {
      "src": "../../../../../../node_modules/@angular/cdk/fesm2022/scrolling.mjs",
      "file": "@angular_cdk_scrolling.js",
      "fileHash": "ddfc6cda",
      "needsInterop": false
    },
    "@angular/cdk/text-field": {
      "src": "../../../../../../node_modules/@angular/cdk/fesm2022/text-field.mjs",
      "file": "@angular_cdk_text-field.js",
      "fileHash": "af69e378",
      "needsInterop": false
    },
    "@angular/common": {
      "src": "../../../../../../node_modules/@angular/common/fesm2022/common.mjs",
      "file": "@angular_common.js",
      "fileHash": "c7a3a974",
      "needsInterop": false
    },
    "@angular/common/http": {
      "src": "../../../../../../node_modules/@angular/common/fesm2022/http.mjs",
      "file": "@angular_common_http.js",
      "fileHash": "1206267e",
      "needsInterop": false
    },
    "@angular/core": {
      "src": "../../../../../../node_modules/@angular/core/fesm2022/core.mjs",
      "file": "@angular_core.js",
      "fileHash": "bbb43dd9",
      "needsInterop": false
    },
    "@angular/forms": {
      "src": "../../../../../../node_modules/@angular/forms/fesm2022/forms.mjs",
      "file": "@angular_forms.js",
      "fileHash": "cfafdbbd",
      "needsInterop": false
    },
    "@angular/material/button": {
      "src": "../../../../../../node_modules/@angular/material/fesm2022/button.mjs",
      "file": "@angular_material_button.js",
      "fileHash": "632c4f1e",
      "needsInterop": false
    },
    "@angular/material/card": {
      "src": "../../../../../../node_modules/@angular/material/fesm2022/card.mjs",
      "file": "@angular_material_card.js",
      "fileHash": "0287f5e6",
      "needsInterop": false
    },
    "@angular/material/form-field": {
      "src": "../../../../../../node_modules/@angular/material/fesm2022/form-field.mjs",
      "file": "@angular_material_form-field.js",
      "fileHash": "8a3d2e24",
      "needsInterop": false
    },
    "@angular/material/icon": {
      "src": "../../../../../../node_modules/@angular/material/fesm2022/icon.mjs",
      "file": "@angular_material_icon.js",
      "fileHash": "d9097dee",
      "needsInterop": false
    },
    "@angular/material/input": {
      "src": "../../../../../../node_modules/@angular/material/fesm2022/input.mjs",
      "file": "@angular_material_input.js",
      "fileHash": "c781eb0e",
      "needsInterop": false
    },
    "@angular/material/select": {
      "src": "../../../../../../node_modules/@angular/material/fesm2022/select.mjs",
      "file": "@angular_material_select.js",
      "fileHash": "1abc10eb",
      "needsInterop": false
    },
    "@angular/material/snack-bar": {
      "src": "../../../../../../node_modules/@angular/material/fesm2022/snack-bar.mjs",
      "file": "@angular_material_snack-bar.js",
      "fileHash": "4b1579f1",
      "needsInterop": false
    },
    "@angular/material/tooltip": {
      "src": "../../../../../../node_modules/@angular/material/fesm2022/tooltip.mjs",
      "file": "@angular_material_tooltip.js",
      "fileHash": "d2c3b328",
      "needsInterop": false
    },
    "@angular/platform-browser": {
      "src": "../../../../../../node_modules/@angular/platform-browser/fesm2022/platform-browser.mjs",
      "file": "@angular_platform-browser.js",
      "fileHash": "a7edc4b9",
      "needsInterop": false
    },
    "@angular/router": {
      "src": "../../../../../../node_modules/@angular/router/fesm2022/router.mjs",
      "file": "@angular_router.js",
      "fileHash": "d49a086e",
      "needsInterop": false
    },
    "@google/generative-ai": {
      "src": "../../../../../../node_modules/@google/generative-ai/dist/index.mjs",
      "file": "@google_generative-ai.js",
      "fileHash": "b7d0e367",
      "needsInterop": false
    },
    "ngx-skeleton-loader": {
      "src": "../../../../../../node_modules/ngx-skeleton-loader/fesm2022/ngx-skeleton-loader.mjs",
      "file": "ngx-skeleton-loader.js",
      "fileHash": "4d8317b1",
      "needsInterop": false
    }
  },
  "chunks": {
    "chunk-5ZOW5RTW": {
      "file": "chunk-5ZOW5RTW.js"
    },
    "chunk-L632Q2DJ": {
      "file": "chunk-L632Q2DJ.js"
    },
    "chunk-OIBNGD5S": {
      "file": "chunk-OIBNGD5S.js"
    },
    "chunk-S65VDX4E": {
      "file": "chunk-S65VDX4E.js"
    },
    "chunk-FI2JUOZ3": {
      "file": "chunk-FI2JUOZ3.js"
    },
    "chunk-BH3TZWIX": {
      "file": "chunk-BH3TZWIX.js"
    },
    "chunk-PTZZQ7VN": {
      "file": "chunk-PTZZQ7VN.js"
    },
    "chunk-YLSQJOID": {
      "file": "chunk-YLSQJOID.js"
    },
    "chunk-RMT7PQUO": {
      "file": "chunk-RMT7PQUO.js"
    },
    "chunk-DEBYDM46": {
      "file": "chunk-DEBYDM46.js"
    },
    "chunk-2H354F7A": {
      "file": "chunk-2H354F7A.js"
    },
    "chunk-VRNSGUY2": {
      "file": "chunk-VRNSGUY2.js"
    },
    "chunk-2O4WY5GE": {
      "file": "chunk-2O4WY5GE.js"
    },
    "chunk-NAWRNYQH": {
      "file": "chunk-NAWRNYQH.js"
    },
    "chunk-SJO2PR3F": {
      "file": "chunk-SJO2PR3F.js"
    },
    "chunk-GKV6P6YP": {
      "file": "chunk-GKV6P6YP.js"
    },
    "chunk-42OGHUIY": {
      "file": "chunk-42OGHUIY.js"
    },
    "chunk-KF5NPBPA": {
      "file": "chunk-KF5NPBPA.js"
    },
    "chunk-D4PY5TE5": {
      "file": "chunk-D4PY5TE5.js"
    },
    "chunk-BY75YK3T": {
      "file": "chunk-BY75YK3T.js"
    },
    "chunk-WDMUDEB6": {
      "file": "chunk-WDMUDEB6.js"
    }
  }
}